DROP SCHEMA PUBLIC CASCADE;


CREATE TABLE MOVIE_TBL(MOVIE_ID  INTEGER GENERATED BY DEFAULT AS IDENTITY PRIMARY KEY ,MOVIE_NAME VARCHAR(100));

CREATE TABLE CUSTOMER_TBL(CUST_ID  INTEGER GENERATED BY DEFAULT AS IDENTITY PRIMARY KEY,FIRST_NAME VARCHAR(50),LAST_NAME VARCHAR(50),PHONE_NUMBER INTEGER);

CREATE TABLE RATING_TBL(RATING_ID  INTEGER GENERATED BY DEFAULT AS IDENTITY PRIMARY KEY,RATING INTEGER,MOVIE_ID INTEGER,CUST_ID INTEGER,
FOREIGN KEY (MOVIE_ID) REFERENCES MOVIE_TBL(MOVIE_ID),FOREIGN KEY (CUST_ID) REFERENCES CUSTOMER_TBL(CUST_ID));

insert into customer_tbl (CUST_ID,first_name,last_name,phone_number) values (1,'Anantha','Lakshmi',960006693);
insert into customer_tbl (CUST_ID,first_name,last_name,phone_number) values (2,'Chaitrika','N',960006694);
insert into customer_tbl (CUST_ID,first_name,last_name,phone_number) values (3,'Amitha','B',960006695);
insert into customer_tbl (CUST_ID,first_name,last_name,phone_number) values (4,'Aslesha','Maha',960006696);
insert into customer_tbl (CUST_ID,first_name,last_name,phone_number) values (5,'Sai','Lakshmi',960006697);

INSERT INTO movie_tbl(movie_id, movie_name) 	VALUES ('1', 'GundammaKatha');
INSERT INTO movie_tbl(movie_id, movie_name) 	VALUES ('2', 'Bhaubali');
INSERT INTO movie_tbl(movie_id, movie_name) 	VALUES ('3', 'Mahanati');
INSERT INTO movie_tbl(movie_id, movie_name) 	VALUES ('4', 'Speed');
INSERT INTO movie_tbl(movie_id, movie_name) 	VALUES ('5', 'Matrix');

INSERT INTO rating_tbl(rating_id, rating, movie_id, cust_id) VALUES (1, 3, 5, 1);
INSERT INTO rating_tbl(rating_id, rating, movie_id, cust_id) VALUES (2,3, 5, 3);
INSERT INTO rating_tbl(rating_id, rating, movie_id, cust_id) VALUES (3,3, 2, 2);
INSERT INTO rating_tbl(rating_id, rating, movie_id, cust_id) VALUES (4,5, 2, 1);
INSERT INTO rating_tbl(rating_id, rating, movie_id, cust_id) VALUES (5,4, 2, 3);